/*
 Navicat Premium Data Transfer

 Source Server         : localhost
 Source Server Type    : MySQL
 Source Server Version : 80019
 Source Host           : localhost:3306
 Source Schema         : myinfo

 Target Server Type    : MySQL
 Target Server Version : 80019
 File Encoding         : 65001

 Date: 06/03/2021 17:10:50
*/

SET NAMES utf8mb4;
SET FOREIGN_KEY_CHECKS = 0;

-- ----------------------------
-- Table structure for pro_book
-- ----------------------------
DROP TABLE IF EXISTS `pro_book`;
CREATE TABLE `pro_book`  (
  `id` varchar(32) CHARACTER SET utf8mb4 COLLATE utf8mb4_general_ci NOT NULL COMMENT 'UUID',
  `create_time` datetime(0) NOT NULL COMMENT '创建时间',
  `create_user_id` varchar(32) CHARACTER SET utf8mb4 COLLATE utf8mb4_general_ci NOT NULL COMMENT '创建人id',
  `create_user_name` varchar(50) CHARACTER SET utf8mb4 COLLATE utf8mb4_general_ci NOT NULL COMMENT '创建人名称',
  `name` varchar(50) CHARACTER SET utf8mb4 COLLATE utf8mb4_general_ci NOT NULL COMMENT '书名',
  `borrow_status` int NULL DEFAULT 0 COMMENT '借阅状态 0=未借阅 1=已借阅',
  PRIMARY KEY (`id`) USING BTREE
) ENGINE = InnoDB CHARACTER SET = utf8mb4 COLLATE = utf8mb4_general_ci COMMENT = '图书' ROW_FORMAT = Dynamic;

-- ----------------------------
-- Records of pro_book
-- ----------------------------
INSERT INTO `pro_book` VALUES ('03137bc93fd64b868b4ac1cdf92c30c0', '2021-03-02 14:51:38', '0dffd64d5f4e4c628f1e79f8eda9a0c8', '张三', '开发入门4', 1);
INSERT INTO `pro_book` VALUES ('0b830d10a489437fb4629a6652ef7dd3', '2021-03-03 10:20:06', '3583e5e3684044c7b03a098c714b2a72', '面试官', 'C#研发', 1);
INSERT INTO `pro_book` VALUES ('0ef7e4d975c643e3954ab8907327f467', '2021-03-06 15:29:33', '3583e5e3684044c7b03a098c714b2a72', '面试官', '测试用2', 1);
INSERT INTO `pro_book` VALUES ('13a4710623b042929a476e0f3e8da99f', '2021-03-04 22:33:08', '3583e5e3684044c7b03a098c714b2a72', '面试官', '333', 1);
INSERT INTO `pro_book` VALUES ('13d308eb7bed4336a88e9a7dc6fe775c', '2021-03-02 14:51:57', '0dffd64d5f4e4c628f1e79f8eda9a0c8', '张三', '开发入门11', 1);
INSERT INTO `pro_book` VALUES ('187ffec504224988b56b87b1f710b5f6', '2021-03-02 14:51:48', '0dffd64d5f4e4c628f1e79f8eda9a0c8', '张三', '开发入门8', 1);
INSERT INTO `pro_book` VALUES ('34eca1761c964fddaaed8f06ba9182be', '2021-03-03 11:07:13', '3583e5e3684044c7b03a098c714b2a72', '面试官', '面试大全', 1);
INSERT INTO `pro_book` VALUES ('3d972a89ee6a4859a6cf3d6d28b84933', '2021-03-06 16:32:36', '735a02b3fe144f2392173b7cb516ae5f', 'yq', '开发与 测试', 1);
INSERT INTO `pro_book` VALUES ('52429601216042c5ad91f03104b3c0b6', '2021-03-02 14:51:35', '0dffd64d5f4e4c628f1e79f8eda9a0c8', '张三', '开发入门3', 1);
INSERT INTO `pro_book` VALUES ('8a5fdb1a26ce4a588ee7b097d967650f', '2021-03-03 11:23:36', '3583e5e3684044c7b03a098c714b2a72', '面试官', 'Nginx反向代理', 1);
INSERT INTO `pro_book` VALUES ('8de05bb28da14e8cb137dbf1722f53f5', '2021-03-04 22:34:28', '3583e5e3684044c7b03a098c714b2a72', '面试官', '测试入门2', 1);
INSERT INTO `pro_book` VALUES ('8e6cee20442b419a8abc65dc7aa58e14', '2021-03-02 14:51:54', '0dffd64d5f4e4c628f1e79f8eda9a0c8', '张三', '开发入门10', 0);
INSERT INTO `pro_book` VALUES ('a57cb142a757408fa8e07f69f7375890', '2021-03-02 14:51:31', '0dffd64d5f4e4c628f1e79f8eda9a0c8', '张三', '开发入门2', 1);
INSERT INTO `pro_book` VALUES ('aae05ded8eb641809b564a9282b0109d', '2021-03-02 14:51:41', '0dffd64d5f4e4c628f1e79f8eda9a0c8', '张三', '开发入门5', 1);
INSERT INTO `pro_book` VALUES ('c4f81d7c501e4f80a94508174c440ba4', '2021-03-02 14:51:46', '0dffd64d5f4e4c628f1e79f8eda9a0c8', '张三', '开发入门7', 1);
INSERT INTO `pro_book` VALUES ('e3acad7e33254a4989aaf647fcef770b', '2021-03-03 09:51:12', '3583e5e3684044c7b03a098c714b2a72', '面试官', 'PS图解', 1);
INSERT INTO `pro_book` VALUES ('f3c3cce6ff9c49458dd0e1837163b746', '2021-03-02 14:51:27', '0dffd64d5f4e4c628f1e79f8eda9a0c8', '张三', '开发入门1', 1);
INSERT INTO `pro_book` VALUES ('f953ba29fc92490b97285675861bbaef', '2021-03-02 14:51:43', '0dffd64d5f4e4c628f1e79f8eda9a0c8', '张三', '开发入门6', 1);

-- ----------------------------
-- Table structure for pro_book_borrow
-- ----------------------------
DROP TABLE IF EXISTS `pro_book_borrow`;
CREATE TABLE `pro_book_borrow`  (
  `id` varchar(32) CHARACTER SET utf8mb4 COLLATE utf8mb4_general_ci NOT NULL COMMENT 'uuid',
  `book_id` varchar(32) CHARACTER SET utf8mb4 COLLATE utf8mb4_general_ci NOT NULL COMMENT '图书id',
  `user_id` varchar(32) CHARACTER SET utf8mb4 COLLATE utf8mb4_general_ci NOT NULL COMMENT '借阅人id',
  `user_name` varchar(50) CHARACTER SET utf8mb4 COLLATE utf8mb4_general_ci NOT NULL COMMENT '借阅人名称',
  `create_time` datetime(0) NOT NULL COMMENT '借阅时间',
  `return_time` datetime(0) NULL DEFAULT NULL COMMENT '归还时间',
  PRIMARY KEY (`id`) USING BTREE
) ENGINE = InnoDB CHARACTER SET = utf8mb4 COLLATE = utf8mb4_general_ci COMMENT = '图书借阅' ROW_FORMAT = Dynamic;

-- ----------------------------
-- Records of pro_book_borrow
-- ----------------------------
INSERT INTO `pro_book_borrow` VALUES ('03c7f259af444260b82fdb42a94ac3de', '8e6cee20442b419a8abc65dc7aa58e14', '735a02b3fe144f2392173b7cb516ae5f', 'yq', '2021-03-06 16:33:35', '2021-03-06 16:34:00');
INSERT INTO `pro_book_borrow` VALUES ('084ad9f9a57144219402d8a4fde84705', '34eca1761c964fddaaed8f06ba9182be', '735a02b3fe144f2392173b7cb516ae5f', 'yq', '2021-03-06 16:34:54', '2021-03-06 16:35:19');
INSERT INTO `pro_book_borrow` VALUES ('093534b83a4049bb89642d8ed7a7d37b', '8a5fdb1a26ce4a588ee7b097d967650f', '735a02b3fe144f2392173b7cb516ae5f', 'yq', '2021-03-06 16:36:41', NULL);
INSERT INTO `pro_book_borrow` VALUES ('09385852a5534a188db7279ff637c0c5', 'aae05ded8eb641809b564a9282b0109d', '3583e5e3684044c7b03a098c714b2a72', '面试官', '2021-03-04 23:10:43', '2021-03-04 23:11:09');
INSERT INTO `pro_book_borrow` VALUES ('094122adc8ca4b37bdcb482fbaec84ff', '13d308eb7bed4336a88e9a7dc6fe775c', '735a02b3fe144f2392173b7cb516ae5f', 'yq', '2021-03-06 16:34:59', '2021-03-06 16:35:21');
INSERT INTO `pro_book_borrow` VALUES ('0a381681a8a14b17b6619269b1c5e954', 'aae05ded8eb641809b564a9282b0109d', '3583e5e3684044c7b03a098c714b2a72', '面试官', '2021-03-04 23:11:56', '2021-03-04 23:12:06');
INSERT INTO `pro_book_borrow` VALUES ('0f591100e7634f0ca495bca5eb7e6f68', 'c4f81d7c501e4f80a94508174c440ba4', '3583e5e3684044c7b03a098c714b2a72', '面试官', '2021-03-04 23:11:21', '2021-03-04 23:11:49');
INSERT INTO `pro_book_borrow` VALUES ('1', 'f3c3cce6ff9c49458dd0e1837163b746', '0dffd64d5f4e4c628f1e79f8eda9a0c8', '张三', '2021-03-02 15:11:19', '2021-03-02 17:26:21');
INSERT INTO `pro_book_borrow` VALUES ('1252ee3359f1421fb68395ab8919bc4e', '52429601216042c5ad91f03104b3c0b6', '735a02b3fe144f2392173b7cb516ae5f', 'yq', '2021-03-06 16:33:50', '2021-03-06 16:34:01');
INSERT INTO `pro_book_borrow` VALUES ('13d065f86b1f4005b4cfd1511e0c9963', 'e3acad7e33254a4989aaf647fcef770b', '3583e5e3684044c7b03a098c714b2a72', '面试官', '2021-03-04 23:10:43', '2021-03-04 23:11:05');
INSERT INTO `pro_book_borrow` VALUES ('13f36d9626ff49cd9cd37f222ef92327', 'e3acad7e33254a4989aaf647fcef770b', '735a02b3fe144f2392173b7cb516ae5f', 'yq', '2021-03-06 16:35:26', '2021-03-06 16:36:08');
INSERT INTO `pro_book_borrow` VALUES ('160e6f7d910b4a8086cf180fba4f2a26', '8e6cee20442b419a8abc65dc7aa58e14', '735a02b3fe144f2392173b7cb516ae5f', 'yq', '2021-03-06 16:34:59', '2021-03-06 16:36:38');
INSERT INTO `pro_book_borrow` VALUES ('167223b6670e4e91b8b7a00a24f33d01', '187ffec504224988b56b87b1f710b5f6', '3583e5e3684044c7b03a098c714b2a72', '面试官', '2021-03-04 23:11:56', '2021-03-04 23:12:05');
INSERT INTO `pro_book_borrow` VALUES ('178855bb464047f7b98957cf0d59c2c1', '03137bc93fd64b868b4ac1cdf92c30c0', '3583e5e3684044c7b03a098c714b2a72', '面试官', '2021-03-06 16:01:32', '2021-03-06 16:01:37');
INSERT INTO `pro_book_borrow` VALUES ('178e1b6793dd4236abed8f5042dfb5f3', 'f953ba29fc92490b97285675861bbaef', '3583e5e3684044c7b03a098c714b2a72', '面试官', '2021-03-04 23:11:56', '2021-03-04 23:12:01');
INSERT INTO `pro_book_borrow` VALUES ('17e0bdec20b14742a354487c2df374e0', 'aae05ded8eb641809b564a9282b0109d', '0dffd64d5f4e4c628f1e79f8eda9a0c8', '张三', '2021-03-02 17:25:33', '2021-03-02 17:26:20');
INSERT INTO `pro_book_borrow` VALUES ('17ed05ae585b4189860dcc977e24dd1c', '03137bc93fd64b868b4ac1cdf92c30c0', '0dffd64d5f4e4c628f1e79f8eda9a0c8', '张三', '2021-03-02 17:26:47', '2021-03-02 17:27:18');
INSERT INTO `pro_book_borrow` VALUES ('196cab71ac7544e08899e332d114d27a', '0ef7e4d975c643e3954ab8907327f467', '735a02b3fe144f2392173b7cb516ae5f', 'yq', '2021-03-06 16:35:26', NULL);
INSERT INTO `pro_book_borrow` VALUES ('1a49a60c63a94044b9fbfc3baced35eb', 'a57cb142a757408fa8e07f69f7375890', '3583e5e3684044c7b03a098c714b2a72', '面试官', '2021-03-06 15:58:22', '2021-03-06 16:01:27');
INSERT INTO `pro_book_borrow` VALUES ('1b52c41a8e884dc1816b323e177ef362', '52429601216042c5ad91f03104b3c0b6', '735a02b3fe144f2392173b7cb516ae5f', 'yq', '2021-03-06 16:33:16', '2021-03-06 16:33:27');
INSERT INTO `pro_book_borrow` VALUES ('1da85c974b5d4e2fa827b5984bc98065', '34eca1761c964fddaaed8f06ba9182be', '3583e5e3684044c7b03a098c714b2a72', '面试官', '2021-03-04 23:11:56', '2021-03-04 23:12:07');
INSERT INTO `pro_book_borrow` VALUES ('1fe191ed399a4587b7144de64bacf82a', '34eca1761c964fddaaed8f06ba9182be', '3583e5e3684044c7b03a098c714b2a72', '面试官', '2021-03-06 16:01:33', '2021-03-06 16:01:37');
INSERT INTO `pro_book_borrow` VALUES ('2', '13d308eb7bed4336a88e9a7dc6fe775c', '0dffd64d5f4e4c628f1e79f8eda9a0c8', '张三', '2021-03-02 16:11:19', '2021-03-02 17:26:18');
INSERT INTO `pro_book_borrow` VALUES ('210d2e054b8d4129bc285247a42f3785', 'f3c3cce6ff9c49458dd0e1837163b746', '735a02b3fe144f2392173b7cb516ae5f', 'yq', '2021-03-06 16:33:15', '2021-03-06 16:33:59');
INSERT INTO `pro_book_borrow` VALUES ('21d29c0b2e134162ba9d88ef00f6c87e', 'a57cb142a757408fa8e07f69f7375890', '3583e5e3684044c7b03a098c714b2a72', '面试官', '2021-03-06 16:01:32', '2021-03-06 16:01:37');
INSERT INTO `pro_book_borrow` VALUES ('22d923d36fa44fa8a957f73aaa31bd9a', 'aae05ded8eb641809b564a9282b0109d', '3583e5e3684044c7b03a098c714b2a72', '面试官', '2021-03-06 16:01:33', '2021-03-06 16:01:38');
INSERT INTO `pro_book_borrow` VALUES ('22f60135aac541e883cc0237b5b37c90', '8de05bb28da14e8cb137dbf1722f53f5', '3583e5e3684044c7b03a098c714b2a72', '面试官', '2021-03-04 23:10:43', '2021-03-04 23:11:09');
INSERT INTO `pro_book_borrow` VALUES ('26756cafcc244e77b86cf7d8f2971fdc', 'c4f81d7c501e4f80a94508174c440ba4', '3583e5e3684044c7b03a098c714b2a72', '面试官', '2021-03-04 23:11:56', '2021-03-04 23:12:00');
INSERT INTO `pro_book_borrow` VALUES ('27ef813fa807434682e1a5db7d79a45a', '8e6cee20442b419a8abc65dc7aa58e14', '3583e5e3684044c7b03a098c714b2a72', '面试官', '2021-03-04 23:11:56', '2021-03-04 23:11:59');
INSERT INTO `pro_book_borrow` VALUES ('29db928ad2cc4a65a685c39e34104b55', '13d308eb7bed4336a88e9a7dc6fe775c', '735a02b3fe144f2392173b7cb516ae5f', 'yq', '2021-03-06 16:35:26', NULL);
INSERT INTO `pro_book_borrow` VALUES ('2bf52856b7f840fb9eab15bfa2640d49', '03137bc93fd64b868b4ac1cdf92c30c0', '3583e5e3684044c7b03a098c714b2a72', '面试官', '2021-03-04 23:11:21', '2021-03-04 23:11:48');
INSERT INTO `pro_book_borrow` VALUES ('2d6d6a65e18f4a7cb719d9d35bc54733', '8e6cee20442b419a8abc65dc7aa58e14', '3583e5e3684044c7b03a098c714b2a72', '面试官', '2021-03-04 23:10:43', '2021-03-04 23:11:05');
INSERT INTO `pro_book_borrow` VALUES ('2d8e8ba39c9b470b84696a5febec54ca', '8e6cee20442b419a8abc65dc7aa58e14', '3583e5e3684044c7b03a098c714b2a72', '面试官', '2021-03-06 15:58:22', '2021-03-06 16:01:23');
INSERT INTO `pro_book_borrow` VALUES ('3', '52429601216042c5ad91f03104b3c0b6', '0dffd64d5f4e4c628f1e79f8eda9a0c8', '张三', '2021-03-02 17:11:19', '2021-03-02 17:26:19');
INSERT INTO `pro_book_borrow` VALUES ('33514f23ab9e409b941ba43e7af5d93a', '34eca1761c964fddaaed8f06ba9182be', '3583e5e3684044c7b03a098c714b2a72', '面试官', '2021-03-04 23:10:45', '2021-03-04 23:11:10');
INSERT INTO `pro_book_borrow` VALUES ('34bb6fade86f4d16858004b160d6aada', 'aae05ded8eb641809b564a9282b0109d', '3583e5e3684044c7b03a098c714b2a72', '面试官', '2021-03-04 23:11:21', '2021-03-04 23:11:46');
INSERT INTO `pro_book_borrow` VALUES ('350fe7629dcb42afba3ec966ebc19e4b', '187ffec504224988b56b87b1f710b5f6', '0dffd64d5f4e4c628f1e79f8eda9a0c8', '张三', '2021-03-02 17:26:40', '2021-03-02 17:27:20');
INSERT INTO `pro_book_borrow` VALUES ('35d3d7b02b5c4bba89cc3eb09535808c', '8a5fdb1a26ce4a588ee7b097d967650f', '3583e5e3684044c7b03a098c714b2a72', '面试官', '2021-03-06 16:01:33', '2021-03-06 16:01:38');
INSERT INTO `pro_book_borrow` VALUES ('3a4d1a8d28784b8593699a61807da9ac', '187ffec504224988b56b87b1f710b5f6', '735a02b3fe144f2392173b7cb516ae5f', 'yq', '2021-03-06 16:33:14', NULL);
INSERT INTO `pro_book_borrow` VALUES ('3b37569096e2453c8f3bb36c9d12cd76', 'f3c3cce6ff9c49458dd0e1837163b746', '0dffd64d5f4e4c628f1e79f8eda9a0c8', '张三', '2021-03-02 17:26:44', '2021-03-02 17:27:16');
INSERT INTO `pro_book_borrow` VALUES ('3cba6f17d4cd4ffdb4f2f0053eaa2b2a', '8e6cee20442b419a8abc65dc7aa58e14', '3583e5e3684044c7b03a098c714b2a72', '面试官', '2021-03-06 16:01:32', '2021-03-06 16:01:39');
INSERT INTO `pro_book_borrow` VALUES ('3d536fd4e6a34e989107f704ce4a466c', '3d972a89ee6a4859a6cf3d6d28b84933', '735a02b3fe144f2392173b7cb516ae5f', 'yq', '2021-03-06 16:33:36', '2021-03-06 16:33:59');
INSERT INTO `pro_book_borrow` VALUES ('3dfdd33db6b64749abf9b04889111cfc', '52429601216042c5ad91f03104b3c0b6', '735a02b3fe144f2392173b7cb516ae5f', 'yq', '2021-03-06 16:36:41', NULL);
INSERT INTO `pro_book_borrow` VALUES ('3fdfd638bcba45a88a6fbea8c176fe23', '13a4710623b042929a476e0f3e8da99f', '3583e5e3684044c7b03a098c714b2a72', '面试官', '2021-03-04 23:11:56', '2021-03-04 23:12:01');
INSERT INTO `pro_book_borrow` VALUES ('413d01d84ea342c5b7ff1582762a758e', 'e3acad7e33254a4989aaf647fcef770b', '3583e5e3684044c7b03a098c714b2a72', '面试官', '2021-03-06 16:01:33', '2021-03-06 16:01:39');
INSERT INTO `pro_book_borrow` VALUES ('460b081918f744b79ec1fa91f4f5dfa1', '0b830d10a489437fb4629a6652ef7dd3', '3583e5e3684044c7b03a098c714b2a72', '面试官', '2021-03-04 23:11:56', '2021-03-04 23:12:03');
INSERT INTO `pro_book_borrow` VALUES ('48fe6a53c3dd430c95445c7258a9658f', '03137bc93fd64b868b4ac1cdf92c30c0', '735a02b3fe144f2392173b7cb516ae5f', 'yq', '2021-03-06 16:33:05', NULL);
INSERT INTO `pro_book_borrow` VALUES ('491361c8df924d1bbcf9f321cd86b7e3', '187ffec504224988b56b87b1f710b5f6', '3583e5e3684044c7b03a098c714b2a72', '面试官', '2021-03-06 16:01:33', '2021-03-06 16:01:37');
INSERT INTO `pro_book_borrow` VALUES ('49258acf2e3541b38414431228048147', 'c4f81d7c501e4f80a94508174c440ba4', '735a02b3fe144f2392173b7cb516ae5f', 'yq', '2021-03-06 16:34:15', NULL);
INSERT INTO `pro_book_borrow` VALUES ('4a1f04081b9649b988eeabf5c91ed1e6', '0b830d10a489437fb4629a6652ef7dd3', '735a02b3fe144f2392173b7cb516ae5f', 'yq', '2021-03-06 16:35:33', '2021-03-06 16:36:12');
INSERT INTO `pro_book_borrow` VALUES ('4b011077afb243d4917071ae3e767ffd', 'e3acad7e33254a4989aaf647fcef770b', '735a02b3fe144f2392173b7cb516ae5f', 'yq', '2021-03-06 16:36:10', '2021-03-06 16:36:37');
INSERT INTO `pro_book_borrow` VALUES ('4bf466af4d634897a2c0329d79954771', 'c4f81d7c501e4f80a94508174c440ba4', '3583e5e3684044c7b03a098c714b2a72', '面试官', '2021-03-06 16:01:33', '2021-03-06 16:01:37');
INSERT INTO `pro_book_borrow` VALUES ('4d6f5d9b1cc3420daf362840a61efa8b', '0b830d10a489437fb4629a6652ef7dd3', '3583e5e3684044c7b03a098c714b2a72', '面试官', '2021-03-06 16:01:32', '2021-03-06 16:01:37');
INSERT INTO `pro_book_borrow` VALUES ('4dc41eda4688459fa1efbf1b22eac27d', 'f953ba29fc92490b97285675861bbaef', '3583e5e3684044c7b03a098c714b2a72', '面试官', '2021-03-04 23:11:21', '2021-03-04 23:11:41');
INSERT INTO `pro_book_borrow` VALUES ('50c5736d766f48da961239e288544854', '8e6cee20442b419a8abc65dc7aa58e14', '0dffd64d5f4e4c628f1e79f8eda9a0c8', '张三', '2021-03-02 17:26:40', '2021-03-02 17:27:15');
INSERT INTO `pro_book_borrow` VALUES ('5111c05eb1f04add9f693c98bad30913', '34eca1761c964fddaaed8f06ba9182be', '735a02b3fe144f2392173b7cb516ae5f', 'yq', '2021-03-06 16:35:26', NULL);
INSERT INTO `pro_book_borrow` VALUES ('52d3b0e4f06a4d7eba5f433084e024cc', '187ffec504224988b56b87b1f710b5f6', '0dffd64d5f4e4c628f1e79f8eda9a0c8', '张三', '2021-03-02 17:25:39', '2021-03-02 17:26:20');
INSERT INTO `pro_book_borrow` VALUES ('53098c504ac64a0487cb8c8be68be72b', '8de05bb28da14e8cb137dbf1722f53f5', '735a02b3fe144f2392173b7cb516ae5f', 'yq', '2021-03-06 16:35:26', NULL);
INSERT INTO `pro_book_borrow` VALUES ('554cdee7e3bc4ecfa66b945ca9879672', '13d308eb7bed4336a88e9a7dc6fe775c', '3583e5e3684044c7b03a098c714b2a72', '面试官', '2021-03-04 23:11:21', '2021-03-04 23:11:51');
INSERT INTO `pro_book_borrow` VALUES ('5561ce1f2d6e42c19d1ac7cec9b3e7c3', '13d308eb7bed4336a88e9a7dc6fe775c', '3583e5e3684044c7b03a098c714b2a72', '面试官', '2021-03-04 23:11:56', '2021-03-04 23:12:07');
INSERT INTO `pro_book_borrow` VALUES ('57ecea977e2c4e8aa3cb11b9396913d7', '8de05bb28da14e8cb137dbf1722f53f5', '3583e5e3684044c7b03a098c714b2a72', '面试官', '2021-03-06 15:58:22', '2021-03-06 16:01:26');
INSERT INTO `pro_book_borrow` VALUES ('5b99be16bcc04ea7bd21dbbac580e33e', '0b830d10a489437fb4629a6652ef7dd3', '735a02b3fe144f2392173b7cb516ae5f', 'yq', '2021-03-06 16:36:14', NULL);
INSERT INTO `pro_book_borrow` VALUES ('5e71246ccd204e5aa39e486e7c71f8c0', '52429601216042c5ad91f03104b3c0b6', '3583e5e3684044c7b03a098c714b2a72', '面试官', '2021-03-04 23:11:21', '2021-03-04 23:11:42');
INSERT INTO `pro_book_borrow` VALUES ('631c6c7c09884772b83a29822a2d8f4b', '8a5fdb1a26ce4a588ee7b097d967650f', '3583e5e3684044c7b03a098c714b2a72', '面试官', '2021-03-04 23:11:21', '2021-03-04 23:11:50');
INSERT INTO `pro_book_borrow` VALUES ('6c4f8a3c2ce544929d3986a7018b931e', '52429601216042c5ad91f03104b3c0b6', '0dffd64d5f4e4c628f1e79f8eda9a0c8', '张三', '2021-03-02 17:26:58', '2021-03-02 17:27:19');
INSERT INTO `pro_book_borrow` VALUES ('6def0096444b4e4888471293180924e3', '52429601216042c5ad91f03104b3c0b6', '3583e5e3684044c7b03a098c714b2a72', '面试官', '2021-03-06 16:01:32', '2021-03-06 16:01:38');
INSERT INTO `pro_book_borrow` VALUES ('7186e8ca707441a8a480ce3dce38a45a', '0b830d10a489437fb4629a6652ef7dd3', '735a02b3fe144f2392173b7cb516ae5f', 'yq', '2021-03-06 16:34:54', '2021-03-06 16:35:30');
INSERT INTO `pro_book_borrow` VALUES ('73ceb620355c44a2aa3941c2080f7a7d', 'f3c3cce6ff9c49458dd0e1837163b746', '3583e5e3684044c7b03a098c714b2a72', '面试官', '2021-03-03 09:51:42', '2021-03-04 23:11:10');
INSERT INTO `pro_book_borrow` VALUES ('7969a0f0a50545f0b3c503963bd74add', 'a57cb142a757408fa8e07f69f7375890', '0dffd64d5f4e4c628f1e79f8eda9a0c8', '张三', '2021-03-02 17:26:44', '2021-03-02 17:27:21');
INSERT INTO `pro_book_borrow` VALUES ('7995d3f7af63497f9846516206dca3e8', 'e3acad7e33254a4989aaf647fcef770b', '735a02b3fe144f2392173b7cb516ae5f', 'yq', '2021-03-06 16:34:54', '2021-03-06 16:35:24');
INSERT INTO `pro_book_borrow` VALUES ('79da673dcbab45848ebcb172fb14404f', '8de05bb28da14e8cb137dbf1722f53f5', '3583e5e3684044c7b03a098c714b2a72', '面试官', '2021-03-06 16:01:32', '2021-03-06 16:01:39');
INSERT INTO `pro_book_borrow` VALUES ('7b3311b2bf844257b504ce0bb7ff9205', 'aae05ded8eb641809b564a9282b0109d', '735a02b3fe144f2392173b7cb516ae5f', 'yq', '2021-03-06 16:34:59', NULL);
INSERT INTO `pro_book_borrow` VALUES ('7e0e7fd673aa46da97ec4f0c20434aea', 'c4f81d7c501e4f80a94508174c440ba4', '3583e5e3684044c7b03a098c714b2a72', '面试官', '2021-03-06 15:58:22', '2021-03-06 16:01:26');
INSERT INTO `pro_book_borrow` VALUES ('7e322d90f3374c41bb2f612ecc886340', 'e3acad7e33254a4989aaf647fcef770b', '3583e5e3684044c7b03a098c714b2a72', '面试官', '2021-03-04 23:11:56', '2021-03-04 23:11:59');
INSERT INTO `pro_book_borrow` VALUES ('7f157d5bfef844e59a87a15b08ca1808', '187ffec504224988b56b87b1f710b5f6', '3583e5e3684044c7b03a098c714b2a72', '面试官', '2021-03-04 23:10:43', '2021-03-04 23:11:12');
INSERT INTO `pro_book_borrow` VALUES ('81bce3c3d9a548cc84afdb24f37262bd', 'f3c3cce6ff9c49458dd0e1837163b746', '735a02b3fe144f2392173b7cb516ae5f', 'yq', '2021-03-06 16:34:15', '2021-03-06 16:36:39');
INSERT INTO `pro_book_borrow` VALUES ('84a79d3d26534594bd89464db2360ac0', 'a57cb142a757408fa8e07f69f7375890', '3583e5e3684044c7b03a098c714b2a72', '面试官', '2021-03-04 23:10:43', '2021-03-04 23:11:05');
INSERT INTO `pro_book_borrow` VALUES ('85be43d1d5c142f586de4dc347f0a083', '13a4710623b042929a476e0f3e8da99f', '3583e5e3684044c7b03a098c714b2a72', '面试官', '2021-03-04 23:11:21', '2021-03-04 23:11:43');
INSERT INTO `pro_book_borrow` VALUES ('87c1e513380d4b389685ed4ddbe7956f', '8de05bb28da14e8cb137dbf1722f53f5', '735a02b3fe144f2392173b7cb516ae5f', 'yq', '2021-03-06 16:34:15', '2021-03-06 16:35:24');
INSERT INTO `pro_book_borrow` VALUES ('88ee13a2c04845b691f563d7801e95ae', 'e3acad7e33254a4989aaf647fcef770b', '3583e5e3684044c7b03a098c714b2a72', '面试官', '2021-03-04 23:11:21', '2021-03-04 23:11:44');
INSERT INTO `pro_book_borrow` VALUES ('89103832950942af938c98e751064d3a', 'f953ba29fc92490b97285675861bbaef', '735a02b3fe144f2392173b7cb516ae5f', 'yq', '2021-03-06 16:34:54', NULL);
INSERT INTO `pro_book_borrow` VALUES ('8bfb6a35ba9145689fbbc18e98f53439', '13d308eb7bed4336a88e9a7dc6fe775c', '3583e5e3684044c7b03a098c714b2a72', '面试官', '2021-03-03 09:51:42', '2021-03-04 23:11:04');
INSERT INTO `pro_book_borrow` VALUES ('8d4f3ade2c3f4f0eab1ee7f024e4d337', 'a57cb142a757408fa8e07f69f7375890', '3583e5e3684044c7b03a098c714b2a72', '面试官', '2021-03-04 23:11:56', '2021-03-04 23:12:02');
INSERT INTO `pro_book_borrow` VALUES ('8d963689b4c7408bbcfec0e9aa9d0830', '13a4710623b042929a476e0f3e8da99f', '3583e5e3684044c7b03a098c714b2a72', '面试官', '2021-03-06 16:01:33', '2021-03-06 16:01:38');
INSERT INTO `pro_book_borrow` VALUES ('8e598d512bc54b7a9c697a601be6e5ba', '8e6cee20442b419a8abc65dc7aa58e14', '3583e5e3684044c7b03a098c714b2a72', '面试官', '2021-03-04 23:11:21', '2021-03-04 23:11:51');
INSERT INTO `pro_book_borrow` VALUES ('8ea9ce7cc58d4630a5f7e3f5852e3cf3', '03137bc93fd64b868b4ac1cdf92c30c0', '3583e5e3684044c7b03a098c714b2a72', '面试官', '2021-03-04 23:10:43', '2021-03-04 23:11:03');
INSERT INTO `pro_book_borrow` VALUES ('8ee13bcfc3fe4f8ea641b5ec4949bd17', '13a4710623b042929a476e0f3e8da99f', '735a02b3fe144f2392173b7cb516ae5f', 'yq', '2021-03-06 16:33:17', '2021-03-06 16:34:04');
INSERT INTO `pro_book_borrow` VALUES ('911b656e282746749ea42ccd2ddd2bf9', '03137bc93fd64b868b4ac1cdf92c30c0', '3583e5e3684044c7b03a098c714b2a72', '面试官', '2021-03-04 23:11:56', '2021-03-04 23:12:02');
INSERT INTO `pro_book_borrow` VALUES ('9262b6aa7a2e478e936f3af981ebdbb7', 'c4f81d7c501e4f80a94508174c440ba4', '0dffd64d5f4e4c628f1e79f8eda9a0c8', '张三', '2021-03-02 17:25:37', '2021-03-02 17:26:17');
INSERT INTO `pro_book_borrow` VALUES ('95b54fcc290747fba3b5e5923c46449a', '34eca1761c964fddaaed8f06ba9182be', '3583e5e3684044c7b03a098c714b2a72', '面试官', '2021-03-04 23:11:21', '2021-03-04 23:11:48');
INSERT INTO `pro_book_borrow` VALUES ('9bd0b8ca7b2d4efb84b21621b958fa68', '8a5fdb1a26ce4a588ee7b097d967650f', '3583e5e3684044c7b03a098c714b2a72', '面试官', '2021-03-04 23:10:43', '2021-03-04 23:11:06');
INSERT INTO `pro_book_borrow` VALUES ('9f41b3865df042e3a12a41e83408860a', 'f3c3cce6ff9c49458dd0e1837163b746', '3583e5e3684044c7b03a098c714b2a72', '面试官', '2021-03-06 16:01:32', '2021-03-06 16:01:39');
INSERT INTO `pro_book_borrow` VALUES ('9fd6f05f856343bb9780187ec5518c3c', '52429601216042c5ad91f03104b3c0b6', '735a02b3fe144f2392173b7cb516ae5f', 'yq', '2021-03-06 16:35:26', '2021-03-06 16:36:36');
INSERT INTO `pro_book_borrow` VALUES ('a3e9d1a5654e473c95c05c95574ec6fc', '34eca1761c964fddaaed8f06ba9182be', '3583e5e3684044c7b03a098c714b2a72', '面试官', '2021-03-06 15:58:04', '2021-03-06 16:01:26');
INSERT INTO `pro_book_borrow` VALUES ('a6976a713b234e1a965fcc2db6e30aa7', '0b830d10a489437fb4629a6652ef7dd3', '3583e5e3684044c7b03a098c714b2a72', '面试官', '2021-03-04 23:11:21', '2021-03-04 23:11:52');
INSERT INTO `pro_book_borrow` VALUES ('a709b9b7ad244a6bb68974d2cbc7e41e', 'a57cb142a757408fa8e07f69f7375890', '3583e5e3684044c7b03a098c714b2a72', '面试官', '2021-03-04 23:11:21', '2021-03-04 23:11:40');
INSERT INTO `pro_book_borrow` VALUES ('adf66181d53f4ce2bd0eea785ec8885d', '13a4710623b042929a476e0f3e8da99f', '735a02b3fe144f2392173b7cb516ae5f', 'yq', '2021-03-06 16:35:43', NULL);
INSERT INTO `pro_book_borrow` VALUES ('af88e8cd63ea41acac5b54e0224d002a', '0b830d10a489437fb4629a6652ef7dd3', '735a02b3fe144f2392173b7cb516ae5f', 'yq', '2021-03-06 16:33:34', '2021-03-06 16:34:00');
INSERT INTO `pro_book_borrow` VALUES ('b09df070ab2d41e9962c0f59105bbaaa', '13a4710623b042929a476e0f3e8da99f', '3583e5e3684044c7b03a098c714b2a72', '面试官', '2021-03-06 15:58:22', '2021-03-06 16:01:23');
INSERT INTO `pro_book_borrow` VALUES ('b167042f8117429f952a3e9505e24b04', '13d308eb7bed4336a88e9a7dc6fe775c', '3583e5e3684044c7b03a098c714b2a72', '面试官', '2021-03-06 16:01:33', '2021-03-06 16:01:38');
INSERT INTO `pro_book_borrow` VALUES ('b3460bd077ac49ccbb8a767f83a898b8', 'aae05ded8eb641809b564a9282b0109d', '0dffd64d5f4e4c628f1e79f8eda9a0c8', '张三', '2021-03-02 17:26:47', '2021-03-02 17:27:16');
INSERT INTO `pro_book_borrow` VALUES ('b38fa8d508e34cab9f95dc3cdb9dfb3e', '8a5fdb1a26ce4a588ee7b097d967650f', '735a02b3fe144f2392173b7cb516ae5f', 'yq', '2021-03-06 16:35:26', '2021-03-06 16:36:39');
INSERT INTO `pro_book_borrow` VALUES ('b3f8217bfa3547f6bbf93e5cb6cd18c2', 'f3c3cce6ff9c49458dd0e1837163b746', '735a02b3fe144f2392173b7cb516ae5f', 'yq', '2021-03-06 16:36:41', NULL);
INSERT INTO `pro_book_borrow` VALUES ('b4ea0b01756a439796993f51192964af', '03137bc93fd64b868b4ac1cdf92c30c0', '0dffd64d5f4e4c628f1e79f8eda9a0c8', '张三', '2021-03-02 17:25:37', '2021-03-02 17:26:21');
INSERT INTO `pro_book_borrow` VALUES ('bcf2b29a77ad4c82a708a6d252c44b25', '3d972a89ee6a4859a6cf3d6d28b84933', '735a02b3fe144f2392173b7cb516ae5f', 'yq', '2021-03-06 16:34:54', '2021-03-06 16:36:39');
INSERT INTO `pro_book_borrow` VALUES ('bfaa36ac9af9448392634b5540b1a84f', 'e3acad7e33254a4989aaf647fcef770b', '735a02b3fe144f2392173b7cb516ae5f', 'yq', '2021-03-06 16:36:41', NULL);
INSERT INTO `pro_book_borrow` VALUES ('c0e81157122a453fb891949f35b40cf4', 'f3c3cce6ff9c49458dd0e1837163b746', '3583e5e3684044c7b03a098c714b2a72', '面试官', '2021-03-06 15:58:03', '2021-03-06 16:01:24');
INSERT INTO `pro_book_borrow` VALUES ('c1afae9deb0344b196b5ee862439f3e4', 'f953ba29fc92490b97285675861bbaef', '3583e5e3684044c7b03a098c714b2a72', '面试官', '2021-03-06 15:58:01', '2021-03-06 16:01:25');
INSERT INTO `pro_book_borrow` VALUES ('c204cbdf145849089544618c58d4e178', 'f953ba29fc92490b97285675861bbaef', '0dffd64d5f4e4c628f1e79f8eda9a0c8', '张三', '2021-03-02 17:26:47', '2021-03-02 17:27:22');
INSERT INTO `pro_book_borrow` VALUES ('c5b2d75b3f4d4361bfed1c72497463f1', '13d308eb7bed4336a88e9a7dc6fe775c', '3583e5e3684044c7b03a098c714b2a72', '面试官', '2021-03-06 15:56:05', '2021-03-06 16:01:22');
INSERT INTO `pro_book_borrow` VALUES ('c7290514412b46cd9cdcc1859e4ade8f', 'a57cb142a757408fa8e07f69f7375890', '735a02b3fe144f2392173b7cb516ae5f', 'yq', '2021-03-06 16:34:54', NULL);
INSERT INTO `pro_book_borrow` VALUES ('c73972c1617b4429a459dce9eefa268e', 'f3c3cce6ff9c49458dd0e1837163b746', '3583e5e3684044c7b03a098c714b2a72', '面试官', '2021-03-04 23:11:21', '2021-03-04 23:11:46');
INSERT INTO `pro_book_borrow` VALUES ('cd94300197b74b20809d60050fcdc1c1', '3d972a89ee6a4859a6cf3d6d28b84933', '735a02b3fe144f2392173b7cb516ae5f', 'yq', '2021-03-06 16:36:41', NULL);
INSERT INTO `pro_book_borrow` VALUES ('d02f60355f8b4e11a108e4a1a409242c', 'f953ba29fc92490b97285675861bbaef', '735a02b3fe144f2392173b7cb516ae5f', 'yq', '2021-03-06 16:33:01', '2021-03-06 16:33:59');
INSERT INTO `pro_book_borrow` VALUES ('d2c0644128ce447384ca762d85b34e49', 'c4f81d7c501e4f80a94508174c440ba4', '3583e5e3684044c7b03a098c714b2a72', '面试官', '2021-03-04 23:10:43', '2021-03-04 23:11:10');
INSERT INTO `pro_book_borrow` VALUES ('d354584b4c9548af9e63106e747b2aaf', '8a5fdb1a26ce4a588ee7b097d967650f', '3583e5e3684044c7b03a098c714b2a72', '面试官', '2021-03-04 23:11:56', '2021-03-04 23:11:58');
INSERT INTO `pro_book_borrow` VALUES ('d659be13bf4244a6a98be3fdd931f215', 'f953ba29fc92490b97285675861bbaef', '3583e5e3684044c7b03a098c714b2a72', '面试官', '2021-03-03 09:51:42', '2021-03-04 23:11:08');
INSERT INTO `pro_book_borrow` VALUES ('d8330878c0ce400c9cf5a3ac8f9a9c8e', '8de05bb28da14e8cb137dbf1722f53f5', '3583e5e3684044c7b03a098c714b2a72', '面试官', '2021-03-04 23:11:56', '2021-03-04 23:12:04');
INSERT INTO `pro_book_borrow` VALUES ('d889d82992854f85869033b6533d4795', 'a57cb142a757408fa8e07f69f7375890', '0dffd64d5f4e4c628f1e79f8eda9a0c8', '张三', '2021-03-02 17:25:26', '2021-03-02 17:26:16');
INSERT INTO `pro_book_borrow` VALUES ('dace56859d2c4167aa51c0d5e2a219d4', '52429601216042c5ad91f03104b3c0b6', '3583e5e3684044c7b03a098c714b2a72', '面试官', '2021-03-04 23:10:45', '2021-03-04 23:11:08');
INSERT INTO `pro_book_borrow` VALUES ('dbd20da1b0f94002b0e7c1edf3fac814', '0ef7e4d975c643e3954ab8907327f467', '3583e5e3684044c7b03a098c714b2a72', '面试官', '2021-03-06 16:01:32', '2021-03-06 16:01:36');
INSERT INTO `pro_book_borrow` VALUES ('dd9a8d040c6349e2a4ab10d0f7ca5c64', '187ffec504224988b56b87b1f710b5f6', '3583e5e3684044c7b03a098c714b2a72', '面试官', '2021-03-04 23:11:21', '2021-03-04 23:11:49');
INSERT INTO `pro_book_borrow` VALUES ('de2e547808914336b073ec831fc5f51d', '13a4710623b042929a476e0f3e8da99f', '3583e5e3684044c7b03a098c714b2a72', '面试官', '2021-03-04 23:10:45', '2021-03-04 23:11:06');
INSERT INTO `pro_book_borrow` VALUES ('e414bb787e8047dda8837d3f382e556a', '13d308eb7bed4336a88e9a7dc6fe775c', '0dffd64d5f4e4c628f1e79f8eda9a0c8', '张三', '2021-03-02 17:26:44', '2021-03-02 17:27:17');
INSERT INTO `pro_book_borrow` VALUES ('e4a97b56046144b5ac7421f352f750bb', 'f953ba29fc92490b97285675861bbaef', '3583e5e3684044c7b03a098c714b2a72', '面试官', '2021-03-06 16:01:32', '2021-03-06 16:01:38');
INSERT INTO `pro_book_borrow` VALUES ('e63b54c2ea254bbe9e5a8e94a72c6235', 'f3c3cce6ff9c49458dd0e1837163b746', '3583e5e3684044c7b03a098c714b2a72', '面试官', '2021-03-04 23:11:56', '2021-03-04 23:12:05');
INSERT INTO `pro_book_borrow` VALUES ('e8607083148f494ead54ee61f0b22dde', '8e6cee20442b419a8abc65dc7aa58e14', '0dffd64d5f4e4c628f1e79f8eda9a0c8', '张三', '2021-03-02 17:25:37', '2021-03-02 17:26:13');
INSERT INTO `pro_book_borrow` VALUES ('eb5de607997548aa9b489097c98d0e2c', '13a4710623b042929a476e0f3e8da99f', '735a02b3fe144f2392173b7cb516ae5f', 'yq', '2021-03-06 16:34:54', '2021-03-06 16:35:41');
INSERT INTO `pro_book_borrow` VALUES ('eb962ae218cc4fa6acc7e476ab6611d9', 'e3acad7e33254a4989aaf647fcef770b', '3583e5e3684044c7b03a098c714b2a72', '面试官', '2021-03-06 15:56:25', '2021-03-06 16:01:26');
INSERT INTO `pro_book_borrow` VALUES ('ec4b623c561e4be9ae637833c05497e9', 'aae05ded8eb641809b564a9282b0109d', '735a02b3fe144f2392173b7cb516ae5f', 'yq', '2021-03-06 16:33:29', '2021-03-06 16:34:01');
INSERT INTO `pro_book_borrow` VALUES ('ee50f97a2fe6400aa59ba1f7e17a6bcc', '8a5fdb1a26ce4a588ee7b097d967650f', '3583e5e3684044c7b03a098c714b2a72', '面试官', '2021-03-06 15:57:17', '2021-03-06 16:01:25');
INSERT INTO `pro_book_borrow` VALUES ('eec2e0d5d8ea421488a0ccafe4e39238', '8de05bb28da14e8cb137dbf1722f53f5', '3583e5e3684044c7b03a098c714b2a72', '面试官', '2021-03-04 23:11:21', '2021-03-04 23:11:45');
INSERT INTO `pro_book_borrow` VALUES ('eefb12bd359d48f19c3da0fc50e20414', 'f953ba29fc92490b97285675861bbaef', '0dffd64d5f4e4c628f1e79f8eda9a0c8', '张三', '2021-03-02 17:25:33', '2021-03-02 17:26:18');
INSERT INTO `pro_book_borrow` VALUES ('f496e1b44df149cc8731203539ad85fa', '0b830d10a489437fb4629a6652ef7dd3', '3583e5e3684044c7b03a098c714b2a72', '面试官', '2021-03-04 23:10:43', '2021-03-04 23:11:06');
INSERT INTO `pro_book_borrow` VALUES ('f7e221a5c1e74bf1a6a0782b394a9565', '8a5fdb1a26ce4a588ee7b097d967650f', '735a02b3fe144f2392173b7cb516ae5f', 'yq', '2021-03-06 16:34:59', '2021-03-06 16:35:25');
INSERT INTO `pro_book_borrow` VALUES ('f843c314419b46d49b7cae48413920dc', '0b830d10a489437fb4629a6652ef7dd3', '3583e5e3684044c7b03a098c714b2a72', '面试官', '2021-03-06 15:55:24', '2021-03-06 16:01:27');
INSERT INTO `pro_book_borrow` VALUES ('f934d39557e5460eb434473d5cf22862', '0ef7e4d975c643e3954ab8907327f467', '735a02b3fe144f2392173b7cb516ae5f', 'yq', '2021-03-06 16:34:59', '2021-03-06 16:35:23');
INSERT INTO `pro_book_borrow` VALUES ('fb5c258881a04139b708d2944158cb37', 'c4f81d7c501e4f80a94508174c440ba4', '0dffd64d5f4e4c628f1e79f8eda9a0c8', '张三', '2021-03-02 17:26:58', '2021-03-02 17:27:14');
INSERT INTO `pro_book_borrow` VALUES ('fe98dfda241542eb859c9d0c36ccf61a', '52429601216042c5ad91f03104b3c0b6', '3583e5e3684044c7b03a098c714b2a72', '面试官', '2021-03-04 23:11:56', '2021-03-04 23:12:04');
INSERT INTO `pro_book_borrow` VALUES ('ff8884a58620455ea8ad6ad4e7244a9a', '52429601216042c5ad91f03104b3c0b6', '735a02b3fe144f2392173b7cb516ae5f', 'yq', '2021-03-06 16:34:59', '2021-03-06 16:35:25');

-- ----------------------------
-- Table structure for sys_user
-- ----------------------------
DROP TABLE IF EXISTS `sys_user`;
CREATE TABLE `sys_user`  (
  `id` varchar(32) CHARACTER SET utf8mb4 COLLATE utf8mb4_general_ci NOT NULL COMMENT 'uuid',
  `create_time` datetime(0) NOT NULL COMMENT '创建时间',
  `account` varchar(50) CHARACTER SET utf8mb4 COLLATE utf8mb4_general_ci NOT NULL COMMENT '账号',
  `password` varchar(32) CHARACTER SET utf8mb4 COLLATE utf8mb4_general_ci NOT NULL COMMENT '密码',
  `salt` varchar(6) CHARACTER SET utf8mb4 COLLATE utf8mb4_general_ci NOT NULL COMMENT '密码盐',
  `nickname` varchar(50) CHARACTER SET utf8mb4 COLLATE utf8mb4_general_ci NOT NULL COMMENT '昵称',
  PRIMARY KEY (`id`) USING BTREE,
  UNIQUE INDEX `unique_account`(`account`) USING BTREE COMMENT '保持账号唯一'
) ENGINE = InnoDB CHARACTER SET = utf8mb4 COLLATE = utf8mb4_general_ci COMMENT = '用户' ROW_FORMAT = Dynamic;

-- ----------------------------
-- Records of sys_user
-- ----------------------------
INSERT INTO `sys_user` VALUES ('0dffd64d5f4e4c628f1e79f8eda9a0c8', '2021-02-25 14:35:14', 'zhangsan', '76d604d7194319864919ffd5aa10272a', 'u9MZo3', '张三');
INSERT INTO `sys_user` VALUES ('1ad3f96b3f3248a890f198774de3e533', '2021-03-04 17:10:47', 'a11', '69e96eaadc5949231bddfee9b93bb991', '&CY9@Q', 'a11');
INSERT INTO `sys_user` VALUES ('3583e5e3684044c7b03a098c714b2a72', '2021-03-03 09:48:37', 'admin', 'b15e2b77225032eb7ef62c8b6b526269', 'FOHQsy', '面试官');
INSERT INTO `sys_user` VALUES ('735a02b3fe144f2392173b7cb516ae5f', '2021-03-06 16:31:17', 'yq', 'b3bb8bcc0d9000e9b817ffc5b8f31bff', '3sVoiw', 'yq');
INSERT INTO `sys_user` VALUES ('eba8dae2753b429db9575158e69de9d3', '2021-03-04 17:09:45', 'lisi', 'fa5a3fa6d40891184bc0536e30f9c80c', 'IoqeTI', '李四');

SET FOREIGN_KEY_CHECKS = 1;
